"","gene","value_1","value_2"
"1","XLOC_000060",3.66233,0.335014
"2","XLOC_000074",2.56813,0.0426299
